topic_id,display_title,quiz_link,notebook_link,doc_link
1,România în Primul Război Mondial,https://forms.gle/A4NkEdzADyPiMTUTA,https://notebooklm.google.com/notebook/d6132450-0e9d-4cea-bd48-a5f91565cd84,https://docs.google.com/document/d/1e0eS6MCoM92cFC56URtOWjjWzqGb445r8nvxkzHHuZ8/edit?usp=sharing
2,Mișcarea națională a românilor din Basarabia și teritoriile din stânga Nistrului (1917-1918),https://forms.gle/DCQhEGK8JPLhGwcB9,https://notebooklm.google.com/notebook/68cdb58f-73d3-4cd9-8692-c30d58c5a72a,https://docs.google.com/document/d/163utb7iCiDY3iMRYBUzdlvf7fAE78x13WUu232EA_O0/edit?usp=sharing
3,Formarea Statului Național Unitar Român. Recunoașterea Marii Uniri de la 1918,https://forms.gle/sBoJE6UyTXGyghQE8,https://notebooklm.google.com/notebook/0363f358-7557-4471-83bd-293917c8fba9,https://docs.google.com/document/d/1nghy6HD1osAHCOp5Kdsoql2o4Xvw5lhNI72e5HmWMho/edit?usp=sharing
4,Conferința de Pace de la Paris și Noua Ordine Internațională,https://forms.gle/Z5Xb3vd15sGfeSpT7,https://notebooklm.google.com/notebook/f9232623-6376-484b-b5ea-f68653ce30e7,https://docs.google.com/document/d/1fLpsWAM9b9VOoOzIAKkh7rG9Q63-RT5ScMW7iHm_suE/edit?usp=sharing
5,Statele Unite ale Americii,https://forms.gle/X9qqGSkfZjkx2QAD8,https://notebooklm.google.com/notebook/d066a62b-5dce-4ee7-b82a-f3661d0d572c,https://docs.google.com/document/d/1yN39Ui-jFX3UYecZiC7iqRdbk6X8m4wbqqxqjNmYhpM/edit?usp=sharing
6,"Statele Europei de Vest (Marea Britanie, Franța, Germania, Italia, Spania)",https://forms.gle/Dmc1fqNsPU4QfkJy6,https://notebooklm.google.com/notebook/ea3be1ed-3d3d-473f-a462-c68c4fa2d53e,https://docs.google.com/document/d/15Xka6XLlhkv41M-rNZYScMzlaROzSK89EuFXvJof5WA/edit?usp=sharing
7,România în perioada interbelică,https://forms.gle/ADWLPXWjpHRRHpcd7,https://notebooklm.google.com/notebook/e3181c6e-e74f-4e16-93fc-ebe88eea8bec,https://docs.google.com/document/d/1eCD4Kk7lfnXnfqEOXbkMvjCwE6J482pdpNQ89nN_SPM/edit?usp=sharing
8,Basarabia în cadrul României Mari (1918-1940),https://forms.gle/TF5cSbwxAGRBVu5p7,https://notebooklm.google.com/notebook/d2fe5d78-702d-4743-9191-e060c1c3398d,
9,RASSM (1924-1940) și politica expansionistă a URSS,https://forms.gle/E2dhHodX6rmMZ2Ux7,https://notebooklm.google.com/notebook/c665c924-9d15-4db2-aa24-d8a7a69ffa78,https://docs.google.com/document/d/1MxTtv3GtWk4S_Oc4xZjFSetYKdNkwUAi25yY4MmWdHM/edit?usp=sharing
10,Cultura și știința universală și românească în perioada interbelică,https://forms.gle/UJ4HQPNQ6kPuheJJA,https://notebooklm.google.com/notebook/d7caaffb-cea9-464b-82fa-4f4931429385,https://docs.google.com/document/d/1_KrzGzYXZaKcoQCUE4lw83DR4G0JqQ4_g_s6QBX3Yp8/edit?usp=sharing
11,Alianțe și tratate politico-militare în perioada interbelică,https://forms.gle/AEU6syZhBZsoKAxf9,https://notebooklm.google.com/notebook/21c7a489-eb01-4015-afeb-a6511b60444c,https://docs.google.com/document/d/1q-kGdHqYj_yObIJfEeINshH_DKzkG2ZUmiRK3JzdAWE/edit?usp=sharing
12,Relațiile sovieto-române între 1918 și 1940. Pactul Ribbentrop-Molotov și consecințele lui pentru popoarele din Europa,https://forms.gle/NwRR6dxWxFyH4PYW9,https://notebooklm.google.com/notebook/11730e3e-519b-465c-903e-05c0958ae27b,https://docs.google.com/document/d/1VJy-C07FcmGOY9lITSUms5N8L64cKi8VoQ9OBNG4y4w/edit?usp=sharing
13,Pierderile teritoriale ale României în vara anului 1940,https://forms.gle/nJxtWusRPfPK3SbAA,https://notebooklm.google.com/notebook/0404e926-3a09-470b-b3cb-4a2211440f2c,https://docs.google.com/document/d/10ckEdPzrS8TC7Osg9yN_7QVZLOmO3OGP-Rv9GE-moKU/edit?usp=sharing
14,Formarea RSSM și instaurarea regimului comunist,https://forms.gle/H9YBHQCBGBR6syvk7,https://notebooklm.google.com/notebook/a317ee79-f164-469d-a651-f0763d4ee81c,https://docs.google.com/document/d/1D_DKdHuYbyMyST4XHVHJIHKcgEOgtq2A7R5JxnL8VdY/edit?usp=sharing
15,Al Doilea Război Mondial,https://forms.gle/1pLwGDxf5iq2fDVT8,https://notebooklm.google.com/notebook/b6a08560-ddda-4b81-b6f3-5cf2c5be2539,https://docs.google.com/document/d/1qMoiO65ubJ_K1a9k9DqFHyVWsHRki7Uc_XjvatYv47M/edit?usp=sharing
16,"România, Basarabia și Transnistria în anii celui de-al Doilea Război Mondial",https://forms.gle/f6bzXPourP6TLHtg8,https://notebooklm.google.com/notebook/26811b89-6203-4bfc-8bf6-e73011e55a1b,https://docs.google.com/document/d/1dbEWoj8pDEfmZXu4eE00bCw_nN0cQE1t9CLNhFUIKZ4/edit?usp=sharing
17,Consecințele celui de-al Doilea Război Mondial,https://forms.gle/am6ZDPkqw6abgE3Q6,https://notebooklm.google.com/notebook/b2c7f64a-a44d-4eb0-81e4-6e42455027c9,https://docs.google.com/document/d/1zSO-LCOgZTSjF17DE_ZRFoB6oyCGUP5BYSN-xU0d4Ew/edit?usp=sharing
18,Relațiile internaționale în perioada 1945-1991. Constituirea și activitatea Organizației Națiunilor Unite,https://forms.gle/5j9Tx48HWNveCA9x8,https://notebooklm.google.com/notebook/b9de9536-089b-4c6c-9c8c-836497d93335,https://docs.google.com/document/d/12HcjHTRWiyJHivZ1fu0WkTDfyWu52bpWWgxITa5uQhM/edit?usp=sharing
19,Uniunea Sovietică în perioada postbelică,https://forms.gle/yPPxt8oBoKskn8eTA,https://notebooklm.google.com/notebook/731a99e0-f9a3-4ead-ac8d-ce68a521f813,https://docs.google.com/document/d/1bAyZPG-NQngwThHml0ZR_2X5MpL4axBWTLXjzFQ4AeI/edit?usp=sharing
20,RSSM. Economie și societate (1944-1985),https://forms.gle/QsWTELF8CCxGAiu68,https://notebooklm.google.com/notebook/c41492d1-24cc-4121-bd22-969340b3f92d,https://docs.google.com/document/d/1EnsrC616DQep_byFDXjhm9XTzi0kxxUzDo_z48akqHI/edit?usp=sharing
21,"Foametea, represiunile și deportările staliniste din RSSM",https://forms.gle/jpv94i5XDenk7gPS6,https://notebooklm.google.com/notebook/821cbe61-2ae8-426c-b513-2a7bb62980d5,https://docs.google.com/document/d/1oQe7CM4tJ5ti7_OJprWW1AdHbmSSoXEO79Gb9wYaz6w/edit?usp=sharing
22,RSSM între 1985-1991. Proclamarea independenței Republicii Moldova,https://forms.gle/CENCwF16itzUjhsQ6,https://notebooklm.google.com/notebook/2caa332f-9794-4386-8116-ac4cc3e8796b,https://docs.google.com/document/d/1ojS5yaWT7U9ZnJGe6BFJ2nOYzU0Ktkh7aLWKHlk-EIM/edit?usp=sharing
23,Războiul de pe Nistru,https://forms.gle/A22wQa6by4H8Sk438,https://notebooklm.google.com/notebook/b4d1f948-6803-468f-8263-6089a1447b44,https://docs.google.com/document/d/1_LyhRWISnWXAI1dQEwezPvJbgA1R9JE9sXvCeRsyy84/edit?usp=sharing
24,Cultura și știința în RSSM (1944-1991),https://forms.gle/BwBgaP1EDcPmWCt4A,https://notebooklm.google.com/notebook/7badf872-47b9-4d3c-95cd-1f04da114c0d,https://docs.google.com/document/d/1d3LsxNiEwm27gT6P71gZrWs7JjxZgsvyK6PS5RFc3ts/edit?usp=sharing
25,Evoluția culturii în Republica Moldova,https://forms.gle/9dBqzitUWK6hUEQv7,https://notebooklm.google.com/notebook/50c24983-091a-49c4-9efa-2b199d06224e,https://docs.google.com/document/d/1AsBUiIklSKJ_97LnBhFAWCkGbQ1VlG_8XeXAt9AAdyI/edit?usp=sharing
26,Cultura și știința universală în Epoca Contemporană,https://forms.gle/xxvw8qVFpBJHSYiw5,https://notebooklm.google.com/notebook/e504a999-9458-44ec-82c2-565d92b623d1,https://docs.google.com/document/d/1gqRAZ9ldkg6Jmf4aThQMFO6JH0--h5AUklGs1RiK8Jk/edit?usp=sharing
